{
  "valid_patterns": {
    "x=0.664|y=0.457": {
      "score": 1,
      "hits": 1
    }
  },
  "threshold": 0.13999999999999999,
  "nodes": {
    "x=0.5|y=0.3": {
      "x": 0.5,
      "y": 0.3
    },
    "x=0.783|y=0.54": {
      "x": 0.7826557659846686,
      "y": 0.5399199080486544
    },
    "x=1.0|y=0.807": {
      "x": 0.9995467320241704,
      "y": 0.8072157707495365
    },
    "x=0.755|y=0.496": {
      "x": 0.7548092766166585,
      "y": 0.4959828048883809
    },
    "x=0.962|y=0.783": {
      "x": 0.9618477497070375,
      "y": 0.7829586582315348
    }
  },
  "edges": [
    {
      "from": "x=0.5|y=0.3",
      "to": "x=0.783|y=0.54",
      "delta": 0.2612878370166615
    },
    {
      "from": "x=0.783|y=0.54",
      "to": "x=1.0|y=0.807",
      "delta": 0.242093414370192
    },
    {
      "from": "x=0.5|y=0.3",
      "to": "x=0.755|y=0.496",
      "delta": 0.22539604075251973
    },
    {
      "from": "x=0.755|y=0.496",
      "to": "x=0.962|y=0.783",
      "delta": 0.24700716321676638
    }
  ],
  "patterns": {
    "x=0.783|y=0.54": {
      "score": 2,
      "hits": 1
    },
    "x=1.0|y=0.807": {
      "score": 2,
      "hits": 1
    },
    "x=0.755|y=0.496": {
      "score": 2,
      "hits": 1
    },
    "x=0.962|y=0.783": {
      "score": 2,
      "hits": 1
    }
  }
}